	Adolescent birth rate, per 1,000 women	Agriculture support estimate for OECD countries as % of their GDP	Agriculture support estimate for OECD countries, million US$	AIDS deaths	AIDS deaths (lower bound)	AIDS deaths (upper bound)	AIDS orphans (one or both parents)	Antenatal care coverage, at least four visits, %	Antenatal care coverage, at least one visit, %	Births attended by skilled health personnel, %	Children 1 year old immunized against measles, %	Children under 5 moderately or severely underweight, %	Children under 5 sleeping under insecticide-treated bed nets, %	Children under 5 with fever being treated with anti-malarial drugs, %	Children under five mortality rate per 1,000 live births	Condom use at last high-risk sex, 15-24 years old, men, %	Condom use at last high-risk sex, 15-24 years old, women, %	Condom use to overall contraceptive use among currently married women 15-49 years old, %	Consumption of all Ozone-Depleting Substances in ODP metric tons	Current contraceptive use among married women 15-49 years old, any method, %	Current contraceptive use among married women 15-49 years old, condom, %	Current contraceptive use among married women 15-49 years old, modern methods, %	Debt relief committed under HIPC initiative, cumulative million US$ in end-2009 NPV terms	Debt relief delivered in full under MDRI initiative, cumulative million US$ in end-2009 NPV terms	Debt service as % of exports of goods and services and net income	Developed country imports from the LDCs, admitted duty free, %	Employment-to-population ratio, both sexes, %	Employment-to-population ratio, men, %	Employment-to-population ratio, women, %	Fixed-telephone subscriptions	Fixed-telephone subscriptions per 100 inhabitants	Gender Parity Index in primary level enrolment	Gender Parity Index in secondary level enrolment	Gender Parity Index in tertiary level enrolment	Growth rate of GDP per person employed, %	HIV incidence rate, 15-49 years old, % (lower bound)	HIV incidence rate, 15-49 years old, % (mid-point)	HIV incidence rate, 15-49 years old, % (upper bound)	Infant mortality rate (0-1 year) per 1,000 live births	Internet users per 100 inhabitants	Literacy rates of 15-24 years old, both sexes, %	Literacy rates of 15-24 years old, men, %	Literacy rates of 15-24 years old, women, %	Maternal mortality ratio per 100,000 live births	Men 15-24 years old with comprehensive correct knowledge of HIV/AIDS, %	Mobile-cellular subscriptions	Mobile-cellular subscriptions per 100 inhabitants	Net ODA as % of OECD/DAC donors GNI	Net ODA to LDCs as % of OECD/DAC donors GNI	Net ODA to LDCs, million US$	Net ODA, million US$	ODA provided to help build trade capacity, %	ODA received in landlocked developing countries as % of their GNI	ODA received in landlocked developing countries, million US$	ODA received in small islands developing States as % of their GNI	ODA received in small islands developing States, million US$	ODA that is untied, million US$	ODA that is untied, %	ODA to basic social services as % of sector-allocable ODA	ODA to basic social services, million US$	People living with HIV, 15-49 years old, %	People living with HIV, 15-49 years old, % (lower bound)	People living with HIV, 15-49 years old, % (upper bound)	% of pupils starting grade 1 who reach last grade of primary, both sexes	% of pupils starting grade 1 who reach last grade of primary, boys	% of pupils starting grade 1 who reach last grade of primary, girls	Population below national poverty line, rural, %	Population below national poverty line, total, %	Population below national poverty line, urban, %	Population undernourished, millions	Population undernourished, %	Primary completion rate, both sexes	Primary completion rate, boys	Primary completion rate, girls	Proportion of own-account and contributing family workers in total employment, both sexes, %	Proportion of own-account and contributing family workers in total employment, men, %	Proportion of own-account and contributing family workers in total employment, women, %	Proportion of the population using improved drinking water sources, rural	Proportion of the population using improved drinking water sources, total	Proportion of the population using improved drinking water sources, urban	Proportion of the population using improved sanitation facilities, rural	Proportion of the population using improved sanitation facilities, total	Proportion of the population using improved sanitation facilities, urban	Ratio of school attendance rate of orphans to school attendance rate of non orphans	Ratio of youth unemployment rate to adult unemployment rate, both sexes	Ratio of youth unemployment rate to adult unemployment rate, men	Ratio of youth unemployment rate to adult unemployment rate, women	School attendance rate of children aged 10-14 both of whose parents are alive and who live with at least one parent	School attendance rate of orphans aged 10-14	Seats held by men in national parliament	Seats held by women in national parliament	Seats held by women in national parliament, %	Share of women in wage employment in the non-agricultural sector	Share of youth unemployed to total unemployed, both sexes	Share of youth unemployed to total unemployed, men	Share of youth unemployed to total unemployed, women	Share of youth unemployed to youth population, both sexes	Share of youth unemployed to youth population, men	Share of youth unemployed to youth population, women	Total net enrolment ratio in primary education, both sexes	Total net enrolment ratio in primary education, boys	Total net enrolment ratio in primary education, girls	Total number of seats in national parliament	Tuberculosis death rate per year per 100,000 population (lower bound)	Tuberculosis death rate per year per 100,000 population (mid-point)	Tuberculosis death rate per year per 100,000 population (upper bound)	Tuberculosis detection rate under DOTS, % (lower bound)	Tuberculosis detection rate under DOTS, % (mid-point)	Tuberculosis detection rate under DOTS, % (upper bound)	Tuberculosis incidence rate per year per 100,000 population (lower bound)	Tuberculosis incidence rate per year per 100,000 population (mid-point)	Tuberculosis incidence rate per year per 100,000 population (upper bound)	Tuberculosis prevalence rate per 100,000 population (lower bound)	Tuberculosis prevalence rate per 100,000 population (mid-point)	Tuberculosis prevalence rate per 100,000 population (upper bound)	Unmet need for family planning, limiting, %	Unmet need for family planning, spacing, %	Unmet need for family planning, total, %	Women 15-24 years old with comprehensive correct knowledge of HIV/AIDS, %	Women to men parity index, as ratio of literacy rates, 15-24 years old	Youth unemployment rate, aged 15-24, both sexes	Youth unemployment rate, aged 15-24, men	Youth unemployment rate, aged 15-24, women
Afghanistan				292	107	1090					75	25			97.3				17.7				680	27	1.2	99.84				95769	0.31	0.7	0.54			0.0012	0.004	0.01	70.2	5.9				400		21588228	70.66						25.21	5261.51							0.02	0.01	0.11							7.7	25.1							42.1	50	72.6	25.8	30	42.1							180	69	27.71											249	27	42	53	47	53	60	167	189	212	178	340	554								
Albania	17.6			15	9	25					99				14.9				5.67						5.14		44.5	51	38.5	281200	8.86			1.3	14.2	0.0036	0.0065	0.01	13.3	57.2				21		3685983	116.15														0.03	0.02	0.06								5				58.1	54.8	62	94.8	95.5	96.1	87.2	91.7	95.3		2.2	2.1	2.2			118	22	15.71	41.4	23.4	25.5	19.8							140	0.45	0.64	0.86	69	81	95	16	18	22	12	27	47						30.23	32.54	26.13
Algeria	12.4			1371	501	3269		67.3	92.7	96.6	95				25.2				51.97						0.41					3132829	7.99	0.94		1.51		0.0053	0.01	0.01	21.6	16.5				89		39517045	100.78														0.1	0.05	0.17								5	105.54	105.72	105.35	26.9	27.5	24.4	82.4	85.4	86.7	79.6	87	90.2		3.7	3.9	3.3			316	146	31.6	17.6	42.7	44.8	38.3							462	5.6	13	21	54	66	79	67	81	98	64	126	209						24.8	21.6	39.78
American Samoa																														10000	18.12																																															100	100	100	62.4	62.4	62.4																					0.19	0.64	1.4				5.7	7.2	8.8	3.9	9.4	17								
Andorra											95				3				0											38572	48.69								2.2	94						63931	80.7																								5							100	100	100	100	100	100							14	14	50											28	0.1	0.33	0.69	77	87	99	6.4	7.3	8.2	2.5	8.2	17								
Angola				11515	6258	18029	120000				91				167.4				15.43						6.92	99.99				214950	1					0.17	0.28	0.41	101.6	19.1				460		13285198	61.87														2.35	1.65	3.21							3.5	16.5							29.8	48.2	73	20.9	48.7	86.2							145	75	34.09											220	16	32	46	77	85	95	286	320	353	209	423	711								
Anguilla																														6000	41.95									64.8						26000	181.81									7.62																							94.5	94.5		97.9	97.9																					0	0	0	0	0	0	17	21	25	18	51	101								
Antigua and Barbuda								100		100	98				9.3				0.22											33133	36.82								7.7	63.4						114358	127.08								0.13	1.56																						97.9	97.9	97.9	91.4	91.4	91.4							17	2	10.52											19	1.2	1.4	1.5	77	87	99	11	13	14	9.6	20	35								
Argentina				1548	916	2215				97.04	91				13.3				497.7						5.61					9662084	23.31					0.01	0.02	0.03	11.9	59.9				69		67361515	162.52																						4.7		5							95	98.4	98.8	95.1	95.2	95.2							161	96	37.35	42.4										257	1.3	1.4	1.4	78	89	98	22	24	28	14	31	56								
Armenia	22.7			188	101	381					97				15.6				4.54						21.58					578450	19.43			1.5		0.01	0.02	0.05	14	41.9				29		3346275	112.42						2.54	277.79							0.19	0.12	0.31				31.7	32	32.2	0.2	6.7							98	99	99.7	78.2	89.4	96		2.6	2.7	2.7			117	14	10.68	43.51	25.4	27.8	23.4	13.2	12.8	13.6				131	4.8	5.7	6.7	83	95	100	45	49	57	31	66	115						36.05	31.83	41.46
Aruba	33.8																													35000	34									78.9						138800	134.87																															97.8	97.8	97.8	97.7	97.7	97.7																					0.09	0.45	1.1	77	87	99	11	12	14	4.9	16	35								
Australia	14.1	0.13	1963.88	80	99	199					94				4				48.32								61.3	67.3	55.4	10350000	44.33	0.99	0.92	1.37	1.45	0.0053	0.0098	0.01	3.4	83				6		24940000	106.84	0.33	0.08	1299.36	4845.55	14.13					2024.26	98.66	16.64	532.71	0.17	0.12	0.21								5							100	100	100	100	100	100		2.8	3	2.6			113	37	24.66	47.3	36.8	37	36.5	8.2	8.8	7.5	97.49	97.27	97.72	150	0.19	0.19	0.2	79	86	93	5.8	6.2	6.8	3.1	7.6	14						12.2	13	11.3
Austria											76				3.9												58.5	64.3	53	3334000	39.24	0.99	0.96	1.19	0.43				3.2	80.61				4		13272000	156.23	0.27	0.07	341.01	1171.49	28.92					160.82	57.61	1.47	7.29											5	98.26	98.31	98.2	8.7	9.2	8.3	100	100	100	100	100	100		2.2	2.1	2.2			132	51	27.86	48	25	24.2	25.8	5.4	5.6	5.2				183	0.34	0.34	0.35	80	88	95	7.7	8.4	9.1	4.7	11	20						9.2	8.9	9.4
Azerbaijan	47.2			537	353	778					98				34.2				1.76						2.05					1757855	18.67					0.01	0.02	0.02	29.9	58.7				26		10130102	107.61														0.15	0.11	0.2					5.3			5				56.4	51.1	62.1	72.8	83.7	93	77.8	83.2	87.8		3.7	4.1	3.4			105	20	16	42.6	33.5	36.6	31.3							125	3.5	3.9	4.2	63	73	81	77	85	99	42	105	197						13.75	12.01	15.63
Bahamas				542	516	571		85		98	92				12.9				2.72											136000	36.03					0.16	0.19	0.28	10.4	72				37		287000	76.05														3.22	3.07	3.51															98.2	98.2	98.2	91.7	91.7	91.7							33	5	13.15											38	0.42	0.48	0.55	83	89	94	9.3	9.8	11	4.6	9.9	17								
Bahrain											99				6.1				49.6											291499	21.88								5.2	90				22		2210190	165.9																															100	100	100	99.2	99.2	99.2							36	4	10											40	0.61	0.72	0.84	77	87	99	16	18	20	12	26	46								
Bangladesh				485	161	3036		24.7	58.7	43.5	93	35.1			41.1			6.8	64.89	61.8	4.2	59.2			5.12	77.49				1082348	0.69					0.0004	0.0014	0.02	33.2	6.63				170		116553076	74.42														0.0096	0.0042	0.1							27	17.2							83.5	84.2	85.6	57.2	56.8	55.9	0.88						281	69	19.71											350	33	51	69	47	53	59	199	224	253	210	402	656			13.9	9.1				
Barbados				40	20	71				98	90	3.5			14.4				2.3								58.9	63.6	54.8	148735	52.25				-15.86	0.02	0.04	0.07	13.3	73				52		307708	108.1														0.87	0.67	1.18								5							99.3	99.3	99.3	94.2	94.2	94.2		3.1	2.9	3.5			27	3	10	52	27.3	27.1	27.5	14	14.7	13.3				30	0.67	0.69	0.7	80	100	100	1.4	1.4	1.8	1.2	2.8	5						29.6	27.7	31.9
Belarus	22.1			952	768	1200					99				4.9				6.95						7.49					4468600	47.75	1	0.97	1.35		0.04	0.05	0.06	3.7	54.17				1		11114440	118.78														0.49	0.47	0.52				9	5.5	4.2		5	99.76	99.91	99.61				99.1	99.7	99.8	95.7	94.4	94							80	29	26.6	51.1							93.09	92.22	94	109	8.5	9.1	9.8	59	68	77	62	70	80	52	102	168								
Belgium											92				4.4												49	54.5	43.9	4596402	41.39	1	1.13	1.29	0.14				3.5	82.17				6		12315217	110.9	0.45	0.15	812.01	2299.54	22.68					414.14	95.08	10.09	71.88											5	90.11	87.92	92.4	10.8	12.8	8.4	100	100	100	99.4	99.5	99.5		3.3	3.4	3.3			93	57	38	48.3	23.4	24.1	22.4	7.3	8.3	6.3	98.63	98.55	98.72	150	0.16	0.16	0.17	82	90	96	8.5	9.1	10	4.9	11	21						23.7	24.7	22.5
Belize				114	97	135					99				16.7				2.43						10.78					24051	7.24	0.96	1.06	1.67		0.05	0.08	0.11	14.3	33.6				45		174615	52.61								3.19	49.55					1.49	1.31	1.67							0.1	6.2	109.14	108.52	109.77				99	98.5	97.9	87.1	89.9	93.4							31	1	3.12								99.69	99.66	99.72	32	5.9	5.9	6	91	99	110	34	37	40	17	39	70								
Benin				2701	2309	3233	40000				63				85.3				22.15				367	913	6.13	100				159443	1.54	0.9	0.65			0.06	0.07	0.08	56.2	4.9				340		9627447	93.25														1.13	1.05	1.21							1	9.4	75.68	82.93	68.35				69.2	75.5	83.7	6.5	18.1	33.4							76	7	8.43											83	7.3	12	17	48	54	61	62	70	78	56	105	168								
Bermuda																														72000	110.19	0.97	1.16	2.25						95.3						94300	144.31																								5	88.94	89.61	88.25											3.8									18.9										0.02	0.02	0.03					0		0.11	0.36	0.77						21.7		
Bhutan				31	15	77					94				36.2				0.28						10.65	99.32				26485	3.51	1.01	1.06	0.73		0.0055	0.01	0.09	29.7	29.9				120		544337	72.19						7.57	134.22							0.12	0.06	0.43									98.4	96.13	100.74				95.6	97.1	99.6	32.1	49.1	77.7		5.1	6.8	3.8			43	4	8.51		43.2	46	40.6				90.66	89.33	92.03	47	6.9	12	23	76	85	92	156	169	190	67	196	393						9.55	9.16	9.88
Bolivia				1181	729	2940					95				39.1				0.37				1850	2339	5.28					874381	8.19	0.97	1			0.0003	0.01	0.03	31.2	36.94				200		10425704	97.69						2.43	699.73							0.24	0.11	0.39							1.9	18.3	89.35	89.02	89.69				71.2	87.9	95.9	25.5	47.8	58.5							97	33	25.38								81.6	82.06	81.11	130	1.7	4	7.3	56	63	71	110	123	140	102	196	319								
Bosnia and Herzegovina	11										94				6.6				5.13						7.53					846484	22.1								5.7	57.79				8		3488319	91.09																								5				25.3	26.2	24.1	99.2	99.4	99.6	92.2	94.8	98.8							33	9	21.42	38										42	4.4	4.9	5.4	55	72	99	33	46	60	33	69	120								
Botswana				5790	5047	6872	96000				94				46.6				10.84						2.1					174165	8.61			1.25		0.75	0.93	1.1	36.3	15				170		3246787	160.64						0.74	108.37							21.86	20.8	23.08							0.5	25.8							91.8	96	99.2	41.3	61.7	77.1							58	5	7.93											63	14	22	31	75	82	85	396	414	452	194	348	545								
Brazil				15833	11913	20811					99				13.7				1189.25						7.61		61.2	73.5	50	45038117	22.47				2.11	0.03	0.03	0.04	12.3	51.04				69		271099799	135.3														0.54	0.48	0.61					8.9			5							84.6	97.3	99.5	49	81.3	86.9		3.3	3.8	3			469	44	8.57	47.4	43.1	47.1	40.1	8.6	8	9.2				513	1.3	2.2	3.4	72	82	92	41	46	52	27	57	99						15	12.3	18.7
British Virgin Islands																														12080	42.62									38						53406	188.44																									88.32									97.5	97.5	97.5																					4	4.1	4.3	77	87	99	3.6	4.1	4.6	3.2	6.9	12								
Brunei Darussalam											99				9.9				4.27											56715	13.57	0.99	1.01	1.82					8.4	64.5				27		468814	112.21																								5	97.87	98.53	97.16																										94.89	94.75	95.04		2.9	3	3.1	77	87	99	51	58	66	20	65	136								
Bulgaria										99.7	94				11.6										2.02		46.9	51.4	42.8	1942424	26.89	0.99	0.95	1.26	1.03				10.1	53.06				5		10486824	145.18																					21			5	96.93	97.59	96.23	8.2	9.5	6.8	99.1	99.5	99.7	83.7	86	86.8		2.4	2.4	2.3			185	55	22.91	49.8	14.9	16.5	12.8	8.4	10.4	6.3	96.49	96.46	96.53	240	2	2.1	2.1	81	91	98	27	29	33	15	37	69						28.4	30.2	25.7
Burkina Faso				5816	4582	7329	120000				82				97.6				14.88				773	929	4.08	99.97				137421	0.81	0.96	0.84	0.49		0.04	0.05	0.07	64.1	9.1				400		11240886	66.37						9.42	1039.61							0.91	0.8	1.06							3.5	20.8	62.74	62.64	62.85				74.1	80.4	96.4	6.5	18.8	50.1							107	20	15.74								67.86	69.16	66.52	127	5.7	8.9	12	53	59	64	49	54	60	43	80	128								
Burundi				4669	3886	5553	73000				98				82.9				7.11				1024	78	12.25	99.88				21253	0.2	1	0.78	0.42		0.0047	0.01	0.02	54.8	1.3				740		2536831	24.96						18.79	546.01							1.03	0.93	1.14									69.98	67.46	72.43				72.9	75.1	91.7	47.8	47.2	42.2							73	32	30.47								94.77	99.95	89.68	105	15	22	29	53	57	62	119	128	139	104	193	309								
Cambodia	57			2161	1030	4037					90				37.9				9.47						1.1	64.94				420942	2.78	0.92				0	0.01	0	32.5	6.8				170		20264514	133.89														0.74	0.29	1.51							2.4	15.7	97.34	99.89	94.67				60.9	66.6	89	25	35.6	76.9							98	25	20.32											123	42	66	92	56	62	68	366	400	444	604	715	834								
Cameroon				43627	39712	48382	510000				83				94.5				82.34				1772	1058	1.79					799016	3.59		0.85			0.28	0.34	0.4	60.8	6.4				590		15664666	70.39														4.27	3.98	4.57							2.3	10.4							51	73.6	93.4	26.8	45.3	61.6							155	25	13.88											180	22	35	45	44	49	55	210	235	265	164	299	472								
Canada		0.48	8525.55	444	389	570					95				5.2				65.91								61.8	65.8	58	16921000	48.09				0.71	0.003	0.01	0.02	4.6	85.8				11		28360000	80.61	0.27	0.1	1846.83	4947.24	34.38					2193.17	100	27.27	602.34											5							99	99.8	100	99	99.8	100		2.3	2.4	2.2			232	76	24.67	49.7	28.8	29.1	28.4	8.7	9.6	7.8				308	0.18	0.18	0.18	85	92	100	4.6	5	5.5	2.7	6.2	11						13.7	15.1	12.2
Cape Verde				42	30	60					91				26				0.17						4.58	99.86				66177	13.26	0.91	1.15	1.46		0.01	0.02	0.03	21.9	37.5				53		499458	100.11								13.27	243.35					0.47	0.4	0.55							0.1	10.6	94.68	95.77	93.57				85.9	89.7	91.9	47.9	66.6	77							57	15	20.83								98.18	99.39	96.96	72	19	30	39	38	42	48	127	143	161	125	238	386								
Cayman Islands																											77.8	79.9	75.9	36717	62.83									74.1						98036	167.76																																97	97		95.6	95.6		5.2	7.2	3.4						51.81	32	39	23.9								0	0	0	77	87	99	8.6	9.8	11	3.3	11	24						24.22	32	16.59
Central African Republic				10799	9456	12438	110000				25				139.2								693	231	11.83	99.99				800	0.01					0.2	0.26	0.32	96.1	3.5				880		1360300	29.46						12.3	189.16							3.82	3.44	4.29							1.8	39.4							54	67.8	89.1	7.4	21.3	42.4							91	13	12.5											104	33	49	74	46	52	58	323	359	408	231	422	670								
Chad				14665	11748	18213	160000				59				147.5				15.2				232	0	5.22	100				31323	0.24	0.76				0.09	0.13	0.19	88.5	2.3				980		4561243	35.56						3.07	396.29							2.48	2.08	3.01							4.8	37.5	38.78	47.31	30.12				44.4	50.3	70.8	6.4	11.8	30.9							160	28	14.89								85.98	96.39	75.4	188	13	22	29	52	58	66	134	151	169	108	200	321								
Chile		0.29	810.1	654	174	1597					90	0.5			8.2				241.89								56	68	44.4	3203258	18.17	0.96	1	1.11	2.07	0.0098	0.02	0.06	7.1	66.5				22		23661339	134.28														0.33	0.18	0.53				27.9	14.4	12.4		5	96.65	97.02	96.27				89.4	98.5	99.6	87.6	98.3	99.6		3.6	3.5	3.8			103	17	14.16	39	34.2	33.1	35.4	5.8	5.7	6	92.04	91.96	92.12	120	1.2	1.2	1.3	80	88	94	14	16	17	7.5	19	36						16.1	13.9	19.2
China									95.6	99.9	99				12.7				15690.57						0.34		68.6			266985000	19.26	1	1.03	1.14	7.3				10.9	45.8				32		1229113000	88.7																				8.5			146.6	10.4							87.1	92.6	97.4	60	72.5	83.6									21.32												2.9	3	3.1	79	87	93	66	70	77	82	94	107								
China, Hong Kong																											59.1	66.5	52.9	4419423	61.34	0.98	0.97	1.12	1.3					74.2						17098440	237.35																									96.19	97.45	94.85											3.4	3.6	3.1							24.1	24.5	23.8				99.24	99.69	98.75		2.6	2.6	2.7	77	87	99	66	76	86	41	99	180						9.44	11.32	7.75
China, Macao																														158414	27.96		0.98	1.27						65.8						1722245	304.08																																						2.6	2.9	2.6						48	23.7	24	24.3								0.05	2.8	11	77	87	99	77	88	100	50	116	210						4.21	5.49	3.16
Colombia										99.05	92				16.9				176.65						5.88		59.6	73.1	47.2	7141461	14.77		1.08	1.14	-10.1	0.02	0.03	0.04	14.5	51.7				83		50295114	104.08														0.45	0.35	0.57				42.8	30.6	26.9	5	10.3							73.4	91.2	96.9	64.6	79.9	84.8		2.7	2.6	2.8			145	20	12.12	46.35	35.5	34.8	36	10.4	9.2	11.7				165	1.6	1.6	1.6	66	75	84	29	32	37	21	43	72						19.1	14.6	25.4
Comoros											82				77.9				0.12				161	58	1.76	100				23000	3.12	0.94	1.03	0.86					57.9	6.5				350		347500	47.28								12.03	79																73.82	71.93	75.77				89	90.1	93	28.6	33.5	46.1							32	1	3.03								83.41	85.51	81.24	33	4.8	7.8	12	40	48	59	28	34	41	28	62	108								
Congo				5384	4856	5974	64000				65				49.1				9.35				1933	151	2.97					15679	0.35			0.75		0.09	0.13	0.17	35.6	6.6				410		4659762	104.76														2.49	2.27	2.72							1.2	28							38.2	75.3	95.7	5.6	14.5	19.5							126	10	7.35											136	25	44	63	56	63	72	336	382	430	247	462	744								
Cook Islands											97				8.8				0.02											7800	37.81	0.98	1.15						7.5	45						11500	55.74									15.78																99.3	96.57	102.11				99.9	99.9	99.9	96.8	96.8	96.8																	97.84	98.29	97.39		1.2	2	2.9	77	87	99	9.8	11	13	8.5	18	31								
Costa Rica				269	131	352					91				9.6				12.6						10.17		54.7	70.4	40.3	968459	19.87	0.99	1.07	1.24	3.02	0.008	0.01	0.01	8.4	45.96				38		7111981	145.97														0.22	0.15	0.27				27.8	20.7	18.2	0.3	5.7	90.03	89.31	90.78				91.4	97.5	99.5	91.4	94.2	95.1		3.4	3.4	3.4			35	22	38.59	43.43	43.3	43.5	43.1	10.5	10.5	10.6	90.96	90.46	91.49	57	0.61	0.67	0.73	64	74	83	10	11	13	7	15	25						21.81	18.76	26.8
Cote d'Ivoire				27944	24687	31639	400000				74				100				54.2				3538	1367	3.64					272145	1.33	0.86	0.67	0.62		0.08	0.14	0.2	71.3	8.4				720		19390902	95.44														2.67	2.36	2.99							2.8	13.7	60.49	67.43	53.46				68.5	81.3	92.7	9.8	21.6	32.2							223	26	10.44								78.35	81.31	75.36	249	12	20	28	65	72	78	157	170	188	115	215	346								
Croatia											94				4.5												42.1	47.5	37.1	1668265	38.88				-6.01				3.8	66.74				13		4721015	110.05																								5				13.7	14.3	13	98.9	99.3	99.7	95.9	97.1	98		3.5	3.4	3.5			115	36	23.84	47.9	23.4	25	21.3	14.9	17.3	12.4				151	1.2	1.2	1.2	84	89	94	13	13	14	8.4	18	32						50	49.9	50.2
Cuba				191	124	302					99				6.2				12.19											1237276	10.98	0.98	0.99	1.64		0.01	0.02	0.03	5	27.93				80		1995698	17.71									101.02					0.23	0.21	0.24								5	93.15	92.09	94.27				86.5	93.8	96	87.3	92.2	93.7							321	265	45.22								96.39	96.25	96.54	586	0.32	0.33	0.33	62	72	82	8.2	9.3	11	6.3	13	22								
Cyprus				31	23	44					86				3.6												53.3	58.6	48.4	349108	30.59				-0.14	0.0044	0.008	0.01	2.8	65.45				10		1099621	96.35														0.05	0.03	0.08								5				13.5	16.6	10.2	100	100	100	100	100	100		2.9	2.9	2.9			50	6	10.71	51.9	22.8	21.8	24	14.9	16.7	13.3				56	0.16	0.2	0.25	55	62	71	5.1	5.8	6.5	2.2	6.6	13						38.9	41.1	36.8
Czech Republic	11.14			30	27	35					99				3.6												55.2	64.1	46.7	2001000	18.69	1	1	1.42	-1.64	0.0018	0.005	0.0073	2.9	74.11				5		13670000	127.73	0.11	0.02	52.17	210.88	24.57					11.51	36.57	9.02	3.27	0.05	0.04	0.06								5	100.95	100.12	101.84	14.5	16.7	11.6	100	100	100	99.2	99.1	99.1		3.1	3.8	2.6			156	44	22	46	18.6	23	14.7	6	6.9	5.1				200	0.26	0.26	0.26	72	81	86	5.1	5.5	6.1	3	7.1	13						19	18.6	19.4
Congo				30133	23763	38196	350000				73	23.4			118.5				35.94				9389	704	2.37	99.99				0	0	0.89	0.61	0.45		0.06	0.08	0.1	86.1	2.2				730		28231900	41.81														1.08	0.91	1.28									72.43	79.93	64.9				30	51.6	82.1	26.1	27.2	28.8							448	44	8.94											492	33	68	78	47	51	56	297	326	356	285	549	898								
Denmark	2.9			24	21	43					89				3.5												58	61.8	54.3	2094553	37.27	0.98	1.02	1.38	-0.44	0.0031	0.0086	0.01	2.9	94.62				5		7142864	127.11	0.85	0.26	924.98	2927.46	31					1793.36	96.6	7.3	99.64	0.16	0.13	0.19								5	99.59	99.12	100.07	5.6	7	3.9	100	100	100	99.6	99.6	99.6		2.2	2.6	1.8			109	70	39.1	49.6	28.3	30.9	25.5	8.1	8.7	7.4	98.53	98.22	98.85	179	0.4	0.42	0.44	76	84	90	6.5	7	7.7	3.4	8.5	16						13.1	14.3	11.8
Djibouti				662	484	882	7600				80				69.6				0.62						7.98	99.99				20686	2.36	0.88	0.76			0.0009	0.0083	0.02	57.4	9.5				230		244123	27.96														0.91	0.71	1.17	84.4						0.2	18.9	51.95	56.42	47.36				64.7	89.9	97.4	5.1	47.3	59.8							56	9	13.84								58.31	61.69	54.84	65	61	100	136	52	58	66	551	619	697	468	906	1483								
Dominica										100	93				11.4				0.09						10.64					17144	23.81	0.97							10.2	59						93575	129.95								4.02	19.88																102.66	102.81	102.5						95.7										28	4	12.5											32	3.7	3.7	3.8	77	87	99	4.2	4.8	5.4	3.4	7.2	12								
Dominican Republic				1694	543	3347		95.4	99.3	98.6	79	4			28.1			3.6	34.78	71.9	2.6	68.4			9.63		54.6	70.3	39.1	1171049	11.25				3.96	0.0071	0.01	0.02	23.6	45.9	97.47	96.76	98.25	100		9200410	88.43								0.25	146.48					0.69	0.49	0.92				51.2	41.1	36.3	1.4	13	90.36	89.73	91.01				80.9	85.8	87.2	73.4	82.8	85.6		2.9	3.6	2.7			145	38	20.76		43.8	50.2	39.7	15.5	13.1	18.1				183	3.6	5.7	8.2	63	72	80	54	60	68	39	74	118	4	6.9	10.8		1.01	31.35	22.2	46.74
Ecuador				1629	853	2805					97	6.4			22.5				22.03						6.53		59.5	74.6	45.1	2394771	15.21	1	1.04		0.88	0.01	0.03	0.08	19.1	40.35	98.6	98.57	98.63	87		16626199	105.64														0.41	0.27	0.71				42	25.6	17.6	1.8	11.4	110.58	109.89	111.3				73.7	85.4	92.2	75.2	81.8	85.6		3.9	3.7	4.3			84	40	32.25	38.4	43.8	44.8	42.8				98.83			124	1.2	2	3.1	52	60	66	50	56	64	44	82	131					1	10.93	8.41	15.65
Egypt				407	244	745					96				21.8				352.2								42.1	66.2	17.4	6820892	8.31	0.97	0.97	0.88	0.1	0.0013	0.0025	0.0046	18.6	29.4				45		99704976	121.5														0.01	0.01	0.02								5	110.45	110.71	110.18	26.4	21.3	46	97.7	98.6	99.8	93.1	94.7	96.8		4.3	5.6	3			498	10	1.96	18.6	51.5	57.9	43							508	0.6	0.67	0.75	53	59	65	15	16	18	14	27	44						34.25	28.73	52.21
El Salvador				603	230	1253					94				15.7				8.08						12.28		59.9	75.1	47	960535	15.14	0.95	1	1.13	-1.03	0.01	0.03	0.1	13.5	23.1				69		8991899	141.81														0.53	0.33	0.99				36	29.6	26.2	0.8	12.8	100.63	100.11	101.17	37.6	31.5	45.8	80.8	91	96.4	55.3	72.1	80.8		3	2.2	4.9			62	22	26.19	32.94	44	40.6	51.1				92.1	91.76	92.46	84	0.81	0.97	1.1	82	87	97	35	39	42	22	48	86						12.44	11.83	13.58
Equatorial Guinea											42				95.8				5.12							100				14873	1.96								69.3	16.4				290		510783	67.47																															32.8	47.7	70.4	72.3	75.4	80							90	10	10											100	2.8	8.8	15				132	144	155	68	153	270								
Eritrea				910	508	1431	21000				96				49.9				1.02							99.99				61935	0.97					0.0051	0.01	0.02	36.1	0.9				380		354844	5.6														0.61	0.49	0.76															52.8	57.1	72.7	6.9	15.2	45.3							117	33	22											150	10	20	29	39	49	62	72	92	116	78	153	252								
Estonia	16.3										94				3.4												56	62.2	50.9	426490	33.13	1	0.99	1.48	0.58				2.7	79.4				11		2055234	159.66														1.3	1.04	1.63								5	98.39	98.42	98.36	5.4	6.3	4.4	98.6	99.5	99.9	96.4	97.2	97.5		2.5	2.2	2.8			80	21	20.79	52	19.4	18.1	21	7.4	7.3	7.5	97.04	96.8	97.29	101	2.4	2.5	2.5	82	92	97	21	22	25	12	27	47						18.7	17.8	19.7
Ethiopia	71.2			45171	36468	55166	900000				62				64.4				5.46				2638	2404	8.13	99.9	79.4	86.9	72.1	761450	0.8					0.01	0.03	0.05	44.4	1.9				420		25646865	27.25						8.17	3825.11							1.2	1.09	1.36							32	33.9							40.7	50.1	91.5	22.3	23	26		1.8	2.4	1.6			395	152	27.78	38.8	45.4	51.2	42.8							547	17	32	50	51	62	74	188	224	276	170	211	257						7.26	4.98	9.63
European Union		0.76	131171.04																																																																																																																								
Faeroe Islands	18.9																													18000	36.38									90						59700	120.68																								5																																																				
Falkland Islands																														2041	67.04									96.9						3607	118.49																																						4	0	15.3							33.3	0	66.7																									3.74	0	8.25
Fiji				16	10	25		93.6		99.6	94				23.6				7.67						1.84					70225	7.97					0.0093	0.01	0.01	20	37.1				59		930406	105.6								2.35	90.89					0.1	0.08	0.12								5							91.2	95.6	99.5	88.4	91.1	93.4																					4.1	4.2	4.2	42	51	62	46	57	68	51	100	164								
Finland	7.3										97				2.6												60.1	61.7	58.6	752200	13.86	0.99	1.09	1.2	0.4				2.1	91.51				4		7411200	136.57	0.53	0.18	508.8	1435.36	30.4					434.32	80.81	10.53	50.06											5	99.06	100.02	98.06	9.4	11.7	7	100	100	100	88.1	97.6	99.4		3.1	3.3	2.8			115	85	42.5	51.5	30.1	30.6	29.6	10	11	9.1	99.13	98.84	99.43	200	0.32	0.32	0.32	79	85	92	5.3	5.7	6.2	2.5	6.8	13						20	23	17.2
France				1461	1141	1800					89				4.2												50.9	55.5	46.8	39080000	60.78	0.99	1.01	1.25	0.66	0.0098	0.02	0.03	3.5	81.91				9		63324000	98.49	0.4	0.11	3247.22	11338.93	36.99					5251.27	89.63	5.28	339.39											5				7	8.3	5.5	100	100	100	98.9	98.7	98.6		2.9	2.8	2.9			422	155	26.86	49.6	23.2	23.9	22.5	8.9	9.6	8.2	99.08	98.76	99.41	577	0.49	0.52	0.55	80	83	87	8.4	8.8	9.1	5	11	19						23.93	23.68	24.22
French Guiana																																																																														75.1	91.4	94.5	75.8	91.8	94.9																																								
French Polynesia	39.6																													55000	19.86									56.8						236900	85.57																															100	100	100	98.4	98.4	98.4																					0.71	1.8	3.4	77	87	99	19	22	24	11	28	51								
Gabon				2080	1613	2620	21000				70				56.1				28.6											19252	1.15					0.11	0.17	0.24	39.1	9.2				240		3590000	214.75														3.9	3.45	4.41								5							61.1	91.9	96.6	32.3	41.2	42.6							96	18	15.78											114	32	55	78	65	73	82	378	423	476	294	578	954								
Gambia				429	198	853	7100		86.2	57.2	96		47.2	6.7	73.8			6.7	0.86	9	0.6	8.1	93	281	9.81	100				64196	3.47	1.04				0.02	0.05	0.11	49.4	14				430		1848854	99.97														1.2	0.83	1.71							0.1	5.6	70.52	68.98	72.08				83.7	89.6	93.9	55.4	58.9	61.4							49	4	7.54								69.73	67.44	72.06	53	8.6	20	33	62	73	86	146	173	204	96	127	162								
Georgia				110	52	195		84.6		99.9	96				13.1				1.38						9.35					1200286	27.65	1.01	1	1.25		0.01	0.02	0.04	11.7	43.3				41		4993119	115.02														0.27	0.21	0.34							0.4	9.1	108.59	107.45	109.91				95.1	97.6	99.8	81	88.7	95.5		2.9	2.6	3.5			132	18	12	47.32	24.8	26.6	22.1				96.74	96.24	97.31	150	4.7	7	9.8	63	68	73	109	116	126	79	163	277						35.63	35.27	36.36
Germany											97				3.9												57.1	62.6	51.9	48700000	58.86	0.99	0.94	0.93	-0.83				3.2	84.17				7		100034000	120.92	0.38	0.09	3362.9	14228.26	40.26					7498.96	97.51	7.76	967.43											5	98.31	98.59	98.02	6.5	7.2	5.6	100	100	100	99	99.2	99.3		1.6	1.6	1.5			416	204	32.9	48	15.7	16	15.3	4	4.5	3.5	99.08	99.03	99.14	620	0.36	0.36	0.37	81	87	96	5.3	5.8	6.3	3.2	7.5	14						7.9	8.6	7.1
Ghana	65			10074	5026	17599	180000				89				78.4			4.6	25.39	19.5	0.9	18.4	2981	3118	7.91					270422	1.04	0.99	0.9	0.62		0.0062	0.04	0.09	52.3	12.3				380		28026482	108.19														1.3	0.96	1.74	83.71	85.09	82.28					5	98.49	99.57	97.36				76.8	84.5	91.3	8.2	14.2	19.5							245	28	10.25								87.63	87.47	87.8	273	2.7	4.4	8	78	88	93	63	66	74	30	71	129	13.2	25.9	39.1					
Gibraltar																																																																							5																																																				
Greece											99				4.4												38.4	46.9	30.3	5332521	47.91				0.08				3.7	59.86				5		12999790	116.82	0.09	0.01	44.63	239.07	0.52					0.4	26.24	0	0											5				30.3	32.2	27.7	100	100	100	97.9	98.8	99.1		2.3	2.4	2.2			237	63	21	42.9	13	13	13.1	16.6	16.9	16.3				300	0.65	0.69	0.73	82	90	98	4.5	5	5.4	2.9	6.5	12						58.3	53.6	64.2
Greenland	41																													18000	31.58									65.8						60400	105.98																								5							100	100	100	100	100	100																					5.4	15	29	77	87	99	170	194	219	99	245	456								
Grenada										99	94				11.8				0.33						16.26					28585	26.99	0.96	0.98						10.7	35				23		133000	125.59								1.37	11.12																94.45	97.66	91.1				95.3	96.6	99	98.3	98	97.5							13	2	13.33								98.41	98.37	98.45	15	1	1.1	1.1				3.3	4.1	4.8	3.4	7.5	13								
Guadeloupe																																																																														99.8	99.3	99.3	89.5	96.9	97																																								
Guam																														67000	40.57									65.4																																						99.5	99.5	99.5	89.8	89.8	89.8																					0.25	1.3	3.1	77	87	99	29	33	38	14	48	101								
Guatemala				2607	411	12272				62.8	85				31				251.28						6.74		58.3	79.8	39.2	1863052	12.04	0.95	0.91	1.04	8.06	0.002	0.04	0.41	25.8	19.7				140		21716357	140.39														0.58	0.12	3.27							2.4	15.3	85.61	86.72	84.47				85.1	91.5	97.7	47.7	62.5	76.9		3.6	3.8	3.1			137	21	13.29	36.89	57.3	60.1	51.7				87.97	88.3	87.64	158	1.6	1.6	1.7	32	36	40	53	60	67	56	110	183						6.25	6.5	5.75
Guinea				5445	4221	6777	49000				62				100.7				7.08				895	711	3.63	99.98				0	0	0.84		0.43		0.11	0.15	0.19	64.9	1.6				650		7436471	63.31														1.74	1.46	2							2	17.1	61.96	68.19	55.6				63.9	74	91.9	10.9	18.6	32																	76.5	82.25	70.64		17	27	37	48	54	61	157	177	199	133	244	387								
Guinea-Bissau				2292	1925	2720	21000				69				123.9				2.31				702	85	1.84	100				5000	0.29					0.18	0.31	0.47	77.9	3.1				560		939909	55.15								12.08	103.62					3.74	3.27	4.26							0.4	22.6							55.7	72.3	90.4	8.1	20	33							86	14	14											100	34	71	107	24	32	45	273	387	514	251	515	872								
Guyana				194	19	557					99				36.6				0.96				854	590	2.36					156805	19.61					0.03	0.1	0.21	29.9	35				250		555035	69.41								3.3	101.56					1.38	0.68	2.47							0.1	11.5							94.2	95.1	97.3	82	83.6	87.9							46	21	31.34											67	16	16	16	69	78	88	97	109	123	62	129	220								
Haiti				6399	5477	7725	100000				65				72.8				1.95				168	809	1.46	99.99				41000	0.39					0.08	0.11	0.13	54.7	10.6				380		7160200	69.39								13.56	1155.83					1.97	1.82	2.13							5.2	50.7							48	59.5	68.5	18.1	26.8	33.5							91	4	4.21											95	14	26	41	72	80	92	179	206	231	129	254	421								
Honduras				1547	1110	2027					89				22.2				18.94				777	2270	2.3					619095	7.64	0.99	1.21	1.37		0.01	0.02	0.03	18.9	17.8				120		7767235	95.91														0.47	0.38	0.59				68.5	64.5	60.4	1	12.8	93.05	90.28	95.93				79.9	88.9	96.6	72.2	78.8	84.6							103	25	19.53								90.09	89.27	90.95	128	0.06	2.9	11	54	68	89	42	54	69	37	74	125								
Hungary				58	43	76					99				6.1										10.11		51.6	58	45.7	2978018	29.91	0.98	1	1.28	-0.03				5.2	72.64				14		11590326	116.42																								5	98.34	98.28	98.41	6	6.8	5	100	100	100	98.6	98	97.8		3.1	2.9	3.2			352	34	8.8	48.2	18.7	18.9	18.6	7.4	8	6.8	96.02	96.03	96.02	386	0.81	0.81	0.81	53	58	63	17	18	20	15	29	48						27.2	26.3	28.4
Iceland	7.1	1.07	157.25								91				2.1				0								77	79.4	74.6	168023	50.98				0.19				1.6	96.54				4		356264	108.11	0.25	0.11	16.05	34.91	42.2					23.75		38.39	9.53											5				8.3	10.5	5.9	100	100	100	100	98.8	98.7		2.5	3.3	1.7			38	25	39.68	51	34.6	39.8	28.2	8.4	10.3	6.4				63	0.28	0.28	0.28	85	92	100	3.3	3.6	3.9	1.3	3.8	7.6						10.7	13.6	7.8
India				127232	93468.47	162016.03					74				52.7				956.14						3.05					29032974	2.31			0.92		0.01	0.02	0.03	41.4	15.1				190		886304245	70.78														0.26	0.2	0.34							193.1	15.4							89.1	91.3	96	25.5	36.8	60.8							485	60	11											545	12	19	28	54	58	61	162	171	184	143	211	294								
Indonesia				29116	17074	46318		83.5	95.4	87.4	84	19.9			29.3				310.52	62.5					4.71		62.7	78.4	47	30722651	12.29		0.97		3.75	0.03	0.05	0.11	24.5	14.94				190		313226914	125.35														0.45	0.29	0.73				14.3	11.4	8.4	20.5	8.2				33	24.2	47.5	76.5	85.3	93.4	44.5	58.3	70.9		10.4	6.5	6.9			456	104	18.57	35.1	56.1	57	61.3	9.4	11.3	8.4				560	14	25	37	63	71	80	164	183	207	138	272	450						31.34	19.51	21.44
Iran				4391	3048	6206					98				16.8				357.84						0.36					29688558	38.33	1.01		0.94		0.0079	0.01	0.04	14.4	29.95				23		65246219	84.24														0.14	0.09	0.23							4.4	5.7	103.93	103.13	104.77				91.3	96	97.8	80.6	89.4	92.8							281	9	3.1								98.62			290	1.8	3.2	4.5	56	68	83	17	21	25	16	32	53								
Iraq											63				34				101.75											1900000	5.62								28	9.2				67		32450000	96.1																							8	23.6							66.9	85.6	94	79.8	84.1	86							243	82	25.23											325	0.05	2.3	8.8	50	57	65	39	45	50	35	75	129								
Ireland	9.2										93				3.8												52.4	57.6	47.3	2034473	43.96				-2.13				3.2	78.24				9		4880104	105.46	0.46	0.23	425.83	845.85	15.88					388.43		21.4	51.49											5				12.7	18.6	5.7	97.6	97.5	97.5	92.6	90.2	88.8		2.3	2.2	2.6			141	25	15.06	51.5	20.2	18.6	22.9	10.6	12.1	9.1				166	0.4	0.4	0.4	81	91	96	8	8.5	9.5	4.4	11	20						26.8	29.8	23.5
Israel	10.4	0.29	844.83								97				4				94.46								59.7	65.1	54.6	2900000	37.5	1	1.02	1.33	0.54				3.2	70.8				2		9500000	122.84																								5	102.04	101.53	102.58				100	100	100	100	100	100		1.9	1.9	2			94	26	21.66	51.33	27.9	27.5	28.4	5.2	5.3	5.1	97.24	96.99	97.5	120	0.2	0.21	0.21	63	68	73	5.5	5.8	6.4	2.9	7.1	13						10.5	10.4	10.7
Italy											90				3.6												43	52.1	34.5	21098033	34.59				0.39				3	58.45				4		96863107	158.81	0.16	0.04	955.83	3430.07	24.29					310.54		12.08	36.2	0.27	0.23	0.32								5				17.9	20.5	14.1	100	100	100	99.6	99.5	99.5		3.9	4.1	3.7			495	135	21.42	45.6	21.1	21.8	20.2	10.9	12	9.7				630	0.5	0.51	0.51	77	87	91	5.5	5.7	6.4	2.5	6.7	13						40	39	41.4
Jamaica				1270	809	1687					94				16.6				3.63						22.34					250340	8.99		1.03	2.28		0.05	0.09	0.12	14.3	37.1				80		2846196	102.23								0.51	70.31					1.75	1.4	2.01							0.2	8.8							89.3	93.8	97.5	83.8	81.6	79.8							55	8	12.69											63	0.54	0.62	0.7	47	53	59	5.9	6.5	7.4	4.9	9	14								
Japan		1.29	63381.52								95				2.9				39.59								56.9	67.5	47.1	61018939	47.99				0.9				2.1	89.71				6		147887593	116.31	0.22	0.13	6990.23	11581.59	68.61					16839.86		3.42	515.79											5							100	100	100	100	100	100		1.8	1.9	1.8			442	38	7.91	43.32	13.5	12.2	15.5	2.9	3.2	2.7				480	1.6	1.7	1.7	79	88	93	17	18	20	9	23	43						6.9	7.6	6.2
Jordan											97				18.7				63						4.88					378411	5.2								16	41				50		10313976	141.79																								5							92	96.9	97.9	98.4	98.5	98.5							132	18	12											150	0	0.49	5.5	74	83	94	5.1	5.8	6.5	3.7	8.1	14								
Kazakhstan											99				16.3				104.62						0.6					4392000	26.71	1.01	1.01	1.29					14.6	54				26		30364900	184.69						0.04	90.25													4.9	2.9	1.3		5	102.24	101.44	103.1	28.6	28.6	28.5	86.2	93.1	99.1	98	97.4	97							81	26	24.29	50.6							98.74	97.9	99.63	107	7.1	9.5	12	70	100	150	75	115	165	46	133	263								
Kenya	101			58446	48881	71955	1100000				93				70.7				29.14						5.39					204354	0.46					0.33	0.43	0.56	47.5	39				400		31830003	71.76														6.04	5.57	6.55							9.8	22.1							53.9	61.1	82.9	29	29.4	30.7							202	22	9.82	35.7										224	12	20	27	74	75	77	261	268	275	156	283	447								
Kiribati											91				58.2				0.03							99.96				9000	8.79								45.1	11.5				130		17000	16.6								25.47	64.44															5							49.9	66.2	86.8	30.1	39.3	50.8							42	4	8.69											46	23	29	35	66	80	98	404	497	599	352	748	1290								
North Korea											99				27.4				90.56											1180000	4.73								21.7					87		2420000	9.72																							10.4	41.8							99.4	99.7	99.9	72.5	81.9	87.9							580	107	15.57											687	12	27	46	86	91	98	401	429	456	146	536	1175								
South Korea		2.09	25214.43								99				3.7				1893.13								59.5	70.8	48.8	30333077	61.57	0.98	0.98	0.74	1.31				3.2	84.77				27		54680840	110.99	0.13	0.05	711.1	1755.38	33.61					1155.73		10.94	229.19				99.59	99.66	99.5					5	110.52	111.32	109.66				87.9	97.6	99.7	100	100	100		3.4	3.3	4.1			253	47	15.66	43.09	19.2	13.4	28.5	2.5	2.2	2.8	99.24	99.54	98.92	300	4.9	5.2	5.5	80	87	92	92	97	105	117	143	172						9.3	9.8	9
Kuwait											99				9.5				414.67											508000	15.08			2.24					8.1	75.46				14		6410000	190.28																								5							99	99	99	100	100	100							61	4	6.15											65	0.94	0.97	0.99	77	87	99	21	24	27	10	29	56								
Kyrgyzstan				327	241	443					99				24.2				3.99						3.03		57.3	70.7	44.4	461277	8.31	0.98	1	1.61	12.06	0.01	0.02	0.04	21.6	23				75		6737487	121.44						7.75	536.19							0.24	0.19	0.3				41.4	37	28.5	0.3	6.2	102.97	103.62	102.31				81.6	86.9	96.6	94.6	92.9	89.8		1.9	2	1.9			92	28	23.33	41.49	34.8	36.7	32.5				99.25			120	11	11	11	81	91	100	124	141	157	88	190	329						13.41	12	15.81
Lao				119	48	240					82				71.4				1.6						4.92	94.91				701712	10.36	0.95	0.89	0.88		0.0039	0.0076	0.01	53.8	12.5				220		4612612	68.13						3.97	420.98							0.14	0.1	0.21							1.3	19.4	101	102.44	99.5				62.6	70	82.8	47.7	62.6	88.4							99	33	25								97.28	98.07	96.47	132	29	53	82	24	31	41	148	197	259	319	488	693								
Latvia	15.3										96				8.4												52.4	57.8	48	423000	20.63	0.99	0.95	1.49	2.09				7.4	75.23				13		2558000	124.76																								5	106.09	105.88	106.3	7.4	8.3	6.4	97.5	99	99.8	78.4	86	89.7		2.2	1.9	2.5			77	23	23	53.2	17.9	17.6	18.1	9.1	9.3	9	97.12	96.64	97.62	100	2.1	2.1	2.1	79	85	91	47	50	54	28	58	100						23.2	21.8	24.9
Lebanon											79				9.1				72.61						16.17					870000	18.04	0.92	1	1.08					7.8	70.5				16		3884757	80.56																								5	89.26	91.22	87.36				99	99	99	80.7	80.7	80.7							124	4	3.12								95.92	98.76	93.13	128	0.24	0.86	1.9	80	91	110	14	16	18	6.7	19	37								
Lesotho	94			16133	14735	17916	150000				92				98				1.96						2.77	100	49.2	57.4	41.7	50345	2.42	0.98		1.46		1.93	2.21	2.57	73	5				490		1790295	86.3						11.18	320							22.85	21.62	24.11							0.2	11.2	74.08	64.43	83.92				76.6	81.2	94.2	26.2	29	36.9		1.6	1.5	1.9			88	32	26.66		34.6	35.5	36				80.09	78.19	82.02	120	18	46	86	36	50	70	659	916	1267	327	613	987						34.43	28.99	41.91
Liberia				2678	2108	3345	40000	78.1	95.9	61.1	74	15.3	38.1	55.7	71.1	45.1	22.1	2	4.51	20.2	0.4	19.1	3117	249	1.02	100				11000	0.25					0.04	0.07	0.1	53.6	3.2				640	28.5	2550775	59.4														1.09	0.87	1.32							1.4	33.4							59.6	72.2	85.3	5.4	16	27.1	0.75				87.3	65.8	65	8	10.95											73	30	49	66	51	57	64	273	308	345	238	446	717	9.1	22	31.1	35.7				
Libyan Arab Jamahiriya											98				14.5				144											789000	12.72								12.4	16.5				15		10235300	165.04																																		95.7	96.6	96.8							167	33	16.5											200	5.2	8.7	13	45	54	66	33	40	48	32	70	123								
Liechtenstein																			0											18300	49.55									93.8						38427	104.06																								5																			19	6	24											25																				
Lithuania	14.2										93				4.9												51.2	55.8	47.4	625990	20.74	0.99	0.94	1.44	1.89				4	68.45				11		4565976	151.34																								5	96.38	96.93	95.79	9.6	10.7	8.4	88.1	95.4	99	80.1	90.8	96.2		2	1.9	2.1			105	34	24.46	53	15.9	17.6	13.8	6.9	8.2	5.5	96.95	96.93	96.96	139	8.4	8.4	8.5	73	80	86	61	65	72	39	85	148						21.9	23	20.4
Luxembourg											95				2												55.9	62.7	49.1	267600	50.45				0.85				1.6	93.77				11		788371	148.64	1	0.37	162.58	429.32	21.94					266.42		23.25	46.2											5				6.2	6.1	6.2	100	100	100	98.6	97.6	97.5		3	4.2	1.8			47	13	21.66	44.6	16.5	22.7	9.9	4	5.6	2.4				60	0.4	0.41	0.42	79	83	93	7.7	8.7	9.1	5.6	12	20						15.5	18.7	10.9
Madagascar				5537	4818	6440		51.1	82.1	44.3	63		61.5	11.3	56				15.95				1169	1922	1.54	98.21				245603	1.07	0.99	0.96	0.93		0.01	0.02	0.03	39.6	3				440	25.5	8461120	36.9														0.4	0.33	0.48							7.4	32.5	68.45	66.73	70.18				32.3	48.4	80	8.5	11.6	17.6							302	64	17.48											366	34	52	69	44	50	56	207	233	262	216	413	671				22.9				
Malawi				47826	43699	51709	790000				88				67.9				10.18				1313	1159	2.51	99.99				33569	0.2	1.03	0.9			0.33	0.4	0.49	44.2	5.05				510		5290044	32.33						31.5	1125.88							10.25	9.64	10.83							3.4	20.8	75.29	75.23	75.35				80.6	82.9	94.9	37.8	39.2	47		1.5	1.7	1.3			150	43	22.27		38.3	41.5	35.6							193	3.1	9.3	16	65	70	71	152	156	168	67	135	226						8.61	9.05	8.22
Malaysia				5899	4143	8876			98.03	98.8	95				8.5				449.93						1.07		65	78.3	50.6	4535800	15.26				0.87	0.03	0.04	0.06	7.2	66.97				29		43005000	144.71														0.43	0.33	0.59								5				22.2	21.2	23.7	92.1	97.8	99.9	94.8	95.7	96.1		6.5	5.8	7.6			198	23	10.4	39.2	57.5	53.9	62.5	4.3	4.6	4				221	3.2	5.8	9.2	71	79	92	86	99	110	62	131	225						10.36	9.32	11.98
Maldives				2	2	3					99				9.9				3.19						2.45	94.59				22557	6.53					0	0.0006	0	8.4	44.1				31		625161	181.19								1.16	22.83					0.01	0.0093	0.01							0.1	6.7							97.9	98.6	99.5	98.3	98	97.5							72	5	6.49											77	1.8	2.2	2.6	75	83	97	34	40	44	27	57	97								
Mali				5549	4064	7426	79000				72				122.7			1	10.29	10.3	0.1	9.9	754	1583	4.94	99.87				126362	0.82		0.79			0.01	0.03	0.06	77.6	3.5				550		19749371	129.06						13.41	1378.15							0.85	0.69	1.1								5	58.83						56.9	69.4	89.6	15	23.2	36.4							132	15	10.2								68.76			147	7	10	13	62	63	66	58	60	62	49	92	149	7.4	18.6	26					
Malta											99				6.1												49.8	62.3	37.3	231331	53.92				-0.37				5.3	68.91				9		556652	129.75																								5							100	100	100	100	100	100		2.5	3	2			63	6	8.69	41.1	31.7	31.6	31.8	6.9	8.5	5.3				69	0.35	0.36	0.36	93	100	110	11	11	13	5.6	14	26						13	15.2	10.4
Marshall Islands											70				37.5				0.12																				30.6	14															43.01	93.76																						97.4	94.4	93.3	54.9	75.9	83.9							32	1	3.03											33	15	39	78	66	80	98	288	354	426	220	490	864								
Martinique																																																																														99.8	100	100	72.7	91.7	94																																								
Mauritania											80				90.1				20.35				870	687	4.44	99.99				53993	1.38	1.05	0.93	0.44					67.1	6.2				320		3988195	102.52																							0.2	6.4	70.87	69.75	72.02				54.3	55.5	56.4	13.1	37.5	54.7							74	21	22.1								73.33	71.62	75.09	95	14	26	40	37	50	69	82	115	157	100	203	341								
Mauritius				857	761	1021					99				14.3				5.44						1.15					363000	29.17	0.99		1.21		0.02	0.04	0.07	12.5	39				73		1533600	123.23								1.24	148.29					1.1	1.02	1.16								5	101.53	100.08	103				99.7	99.8	99.9	92.2	92.9	93.8		4.1	4.9	3.4			56	13	18.84		38.6	43.2	35.5	10.2	9	11.4	98.17	98.16	98.19	69	1.2	1.2	1.2	44	50	56	19	21	24	17	32	51						23.16	17.28	32.03
Mayotte																														10000	4.5																																																																																												
Mexico	83.5	0.7	8693.25	5563	3790	8058					89				14.5				1106.23						5.45		57.5	74.7	42	21037109	17.19	1	1.07	0.95	0.79	0.0097	0.01	0.02	12.5	43.46				49		103761704	84.81														0.23	0.17	0.3								5	103.2	101.91	104.54				88	94.7	96.4	69.5	83.1	86.8		2.3	2	2.8			316	184	36.8	40.3	35.5	33.6	38.6	4.3	5.1	3.5	97.94	97.16	98.76	500	1.8	1.8	1.8	73	82	92	18	21	23	11	26	45						9.2	8.5	10.5
Micronesia											91				36.4				0.03											10047	9.7								29.8	27.8				96		31393	30.31								39.49	142.98																						87.5	89.1	94.7	47	55.1	83.3							14	0	0											14	2.5	21	79				81	188	339	118	262	461								
Monaco											99				3.7				0.01											46850	123.84			0					3	90.7						35464	93.74																								5								100	100		100	100							17	4	19.04											21	0.03	0.09	0.19				1.8	2.1	2.4	0.73	2.4	5.2								
Mongolia				14	9	21		89.6	98.7	98.9	97	1.6			31.8	69	46.1		0.94	54.6					4.48					175698	6.18	0.97		1.42		0.0033	0.0072	0.01	26.4	20				68	20.7	3525678	124.18						3.97	426.9							0.03	0.02	0.05							0.6	22.5							52.1	63.6	68.5	38.1	57.7	66		2.5	2.3	2.8			63	11	14.86		27	27.2	26.8				95.21	96	94.4	74	1.8	4.9	9.5	72	84	94	163	181	210	119	254	438			16	22.8		16.55	14.66	19.05
Montenegro	11.72							86.6	91.7	99	88	1			5.3	65.1	62.2	29.6	0.75	23.3	6.9	7.8			16.19					169032	27.2								4.9	60.31				7	36.9	993902	159.94																								5							97.7	99.1	99.9	90.6	94.1	96							67	14	17.28											81	0.14	0.19	0.24	89	93	110	18	21	22	9.8	25	47			21.8	47.7				
Montserrat																														3000	58.92									54.6						4500	88.39									54.86																						99	99	99																								21	21	22					0			0									
Morocco				1444	897	2167					99				30.4				49.41						8.24					2924861	8.86	0.95				0.0099	0.01	0.02	26.1	56				120		42423794	128.52														0.15	0.11	0.2	89.25	89.68	88.79					5	98.9	99.38	98.4				64.2	84.4	98.3	62.1	74.9	83.8		2.7	2.8	2.3			328	67	16.96		35.8	37.3	32				98.74	98.94	98.53	395	0.03	8.6	39	79	85	93	95	104	112	55	131	240						19.13	19.44	18.24
Mozambique				82365	70272.09	98206.65	810000				85				87.2				8.25				2997	1603	4.14	99.94				77568	0.3	0.9	0.91	0.68		0.76	0.98	1.25	61.5	5.4				480		12401290	48														10.75	9.58	12.32							7	27.2	49.24	52.85	45.65				35.5	49.5	79.7	9.3	19.5	41.6							152	98	39.2								87.6	89.97	85.22	250	36	69	101	30	37	47	442	552	680	303	559	893								
Myanmar				10507	8599	12396					86				50.5				3.02						8.18	78.97				534810	1					0.01	0.02	0.02	39.8	1.6				200		6832380	12.82														0.6	0.53	0.68							8.2	15.5							73.2	79.4	92	75.3	78.1	83.9							405	26	6.03											431	29	49	71	61	68	74	340	373	413	364	473	595								
Namibia				6585	4022	10095	96000	62.5	96.6	88.2	82	13.2	5.6	8.4	49.8			21.4	7.02	56.1	12	55.2					50			183532	7.96				-2.9	0.63	0.91	1.28	35.2	13.9				130	51.1	2727913	118.43														14.3	11.77	17.34							1	41.4				7.8	7.8	7.7	80.5	88.4	98.3	15.7	33.5	55.5	1.02	2.5	2.5	2.4			59	19	24.35	43.03	38.6	39	38.4							78	20	57	58	56	64	74	566	651	742	357	651	1031	8.4	9.1	17.5	61.6		56.19	49.44	62.24
Nauru											96				36.6				0											0	0								29.9																	28.78																							96	96		65.6	65.6							18	0	0											18	3.7	6.7	11				41	47	54	33	71	122								
Nepal				3251	2501	4576					88				39.7				0.66						8.58	89.12				829097	2.98	1.08	1.05	0.81		0.0041	0.0075	0.01	32.2	13.3				190		21362289	76.84						4.47	870.86							0.22	0.18	0.3	60.36	58.82	61.88				2.2	7.9	99.81	95.56	104.34				87.2	88	91.8	36.7	39.6	52.7							397	197	33.16								98.66			594	7.4	17	27	68	78	87	139	156	178	99	211	365								
Netherlands											96				4												60.8	66.1	55.7	7125486	42.51	0.99	0.98		-0.02				3.3	93.95				6		19467000	116.15	0.66	0.16	1365.07	5435.45	31					2098.85		12.25	302											5				12.3	14	10.3	100	100	100	99.9	97.8	97.5		1.9	1.7	2.2			92	58	38.66	48.7	26.2	22.7	30.8	7.7	7.5	7.9	97.2	97.21	97.19	150	0.12	0.12	0.12	74	81	88	5.7	6.1	6.7	3.2	7.6	14						11	10.8	11.2
New Caledonia																														85000	33.13									66						240500	93.76																															98.5	98.5	98.5	100	100	100																					0.32	1.1	2.3				17	19	22	8.3	23	45								
New Zealand	21.6	0.26	465.67								92				6.3				8.2								64.1	69.9	58.6	1850000	41.05	1	1.05	1.44	0.37				5.2	82.78				8		4766000	105.77	0.26	0.07	126.12	457.31	42.28					231.32		28.02	72.54											5							100	100	100					3.6	4.1	3.1			82	39	32.23	47.2	39.9	43.4	36.8	9.4	9.4	9.4	97.93	97.77	98.1	121	0.14	0.14	0.14	76	82	89	6.7	7.3	8	4.1	9.5	17						15.8	15.3	16.3
Nicaragua											99				23.5				3.56				4629	1475	2.7					324971	5.34								20	15.5				100		6808930	111.98																							1.1	17.7							68	85.8	98.5	53.1	65.9	75.1							55	37	40.21											92	2	2.7	3.5	81	87	96	51	55	60	28	68	126								
Niger				2926	2031	4203					67				104.2				14.61				901	801	56.06	99.99				100500	0.56	0.84	0.68			0.0003	0.0012	0.003	59.9	1.7				630		7006300	39.29						10.58	774.23							0.39	0.32	0.51							1.8	10	49.59	54.99	43.97				46.1	55.3	96.5	4.2	9.9	35.6							98	15	13.27								63.48	68.74	57.99	113	11	17	24	55	62	69	91	102	115	83	159	257								
Nigeria				209626	188071	242856	2000000	51.1	60.6	38.1	59	31	16.6	32.7	117.4	58.3	43	13.9	334.46	15.1	2.1	9.4			0.39					360537	0.2					0.17	0.2	0.26	74.3	38				560	33.5	127246092	73.29														3.17	2.96	3.48							11.3	6.5							52.1	65	80.1	27.5	30.3	33.6	1.23				71.5	87.6	336	24	6.66											360	39	94	156	11	16	28	194	338	506	246	326	418				24.2				
Niue											99				24.5				0											1000	74.4								20.7	86.9																18.18																						98.5	98.6	98.7	100	100	100																					0.1	0.52	1.3					0		5.7	19	41								
Northern Mariana Islands																														23000	42.7																																															97.4	97.4	97.4	79.2	79.2	79.2																					2.8	6.4	12	77	87	99	62	70	80	40	93	168								
Norway	5.6	0.8	4098.2								93				2.8				0								68.7	71.2	66.1	1236698	24.52	1	0.96	1.49	0.03				2.3	95.05				4		5863034	116.26	1.07	0.29	1538.97	5581.36	36.48					3804.12		14.03	481.87											5	100.44	100.66	100.21	5.1	6.7	3.4	100	100	100	98.3	98.1	98		3.5	4.1	3.1			102	67	39.64	48.9	37.2	39.4	34.4	5.3	6	4.5	99.71	99.7	99.72	169	0.08	0.09	0.09	82	87	96	7.5	8.2	8.8	4.7	11	19						9.2	10.6	7.7
Oman											99				11.4				28.87											351411	9.67	1.07	1.16						9.8	66.45				11		5617426	154.64																								5	97.63	94.72	100.7				85.2	92.6	94.8	94.7	96.7	97.3							83	1	1.19								97.44	96.73	98.18	84	0	0.69	6.9	76	84	90	10	11	12	4.7	13	25								
Pakistan				2174	1264	4019		36.6	73.1	52.1	61			3.4	85.5			24.9	247.02	35.4	8.8	24.6			20.34					6370860	3.49	0.87	0.73	0.98		0.0071	0.01	0.03	69	10.9				170	5.2	127737286	70.13														0.06	0.03	0.12							40	22	73.12	78.62	67.12				88.6	90.8	94.3	42.7	56.8	80	0.79						265	77	22.51								71.85	76.59	66.69	342	6.4	27	63	44	58	78	205	275	357	284	342	406	11.3	8.8	20.1	4.2				
Palau											99				17.5				0.12											7263	34.72	0.98	1.02	1.54					15.1		99.81	99.79	99.82			17945	85.78								14.81	35.26																108.36	104.72	112.5				86	95.4	97	100	100	100							16	0	0								98.81			16	0.48	1.7	3.8	77	87	99	39	44	50	16	53	112					1			
Panama				501	309	786		87.9	93.4	91.6	92				17.9		52	5.9	21.37	62.8	3.7	59.9			4.86					586298	15.17	0.97	1.06			0.03	0.04	0.06	15.4	44.03				85		6297604	162.97														0.64	0.53	0.82				49.4	25.8	13.8	0.4	10.8	96.38	96.87	95.86				85.2	93.5	97.7	55	73	82.3		4	4.4	3.8			65	6	8.45		46	50.1	42	5	5.3	4.8	91.28	91.57	90.98	71	4.6	4.8	4.9	69	78	88	42	48	55	30	61	103	8.5	7.9	16.4	37.1		10.76	8.98	13.91
Papua New Guinea				1514	1252	1817	15000				70				61.4				3.02											140000	1.91					0.03	0.04	0.06	47.3	6.5				220		3000000	40.97								4.48	656.51					0.64	0.58	0.71															32.3	39.5	88	13.3	18.9	56.7							108	3	2.7											111	8.5	33	75	71	89	110	269	347	437	195	437	775								
Paraguay				344	89	834					92				21.9				16.46						1.89		66.8	79.1	55	437643	6.43				16.1	0.01	0.05	0.13	18.7	36.9				110		7053297	103.68						0.45	129.45							0.4	0.22	0.76				33.8	23.8	17	0.8	11.6							83.4	91.9	97.8	71	84.2	93.3							70	10	12.5	43.9										80	2.6	2.9	3.2	71	75	78	42	44	47	30	59	99								
Peru				2822	1440	5213		95.1	95.9	89.1	85				16.7			17	25.81	74	12.6	51.2			7.79					3205894	10.55	0.99	0.97			0.01	0.02	0.03	12.9	39.2				89		29793297	98.08														0.34	0.24	0.52				48	23.9	16.1	2.7	8.8	92.5	92.43	92.57				65.2	85.2	90.9	46.9	73.1	80.5		3.3	4.1	2.7			102	28	21.53	36.95	46.9	52.3	42	13.7			94.41	94.57	94.25	130	5.7	7.7	10	69	79	89	110	124	142	77	164	283	5	4	9			8.75	8.34	9.27
Philippines								84.3	95.4	72.8	90	19.9		0.1	29.9		8.1	3.4	136.69	55.1	1.9	36.9			7.19		59.4			3148835	3.2	0.96	1.07	1.26	6.34				23.5	37				120		102823569	104.5																							13.8	14	93.73	92.04	95.5				88.2	90.5	93.3	66.8	71.1	76.4							219	65	22.88	41.5							90.94	90.84	91.05	284	25	27	29	71	80	90	261	292	331	385	438	495	10.8	6.7	17.5			16.15	15.1	17.81
Poland											98				5.2												50.2	58.2	42.8	5477447	14.33	1	0.96	1.54	1.86				4.5	62.84				3		56972803	149.07	0.09	0.02	124.9	471.9	5.42					138.13		2.19	1.4											5	97.74	97.88	97.58	17.6	19.3	15.6	95.6	97.8	99.2	92.3	95	96.8		3.1	3.1	3.2			351	109	23.69	46.9	22.7	24.2	21.1	9.1	9.7	8.4	96.99	96.82	97.17	460	1.6	1.7	1.7	78	85	92	20	22	24	11	27	50						27.3	25.4	30.1
Portugal											98				3.8												49.7	54.7	45.3	4529794	42.7	0.97	0.99	1.18	1				3.1	62.09				8		11990993	113.03	0.22	0.06	143.2	488.32	13.16					35.31		4.96	8.63											5				16.7	19.1	14.1	99.7	99.8	99.8	99.2	99.2	99.3		2.6	2.6	2.7			164	66	28.69	49.8	17.3	17.2	17.5	13.3	13.3	13.4	95.86	95.17	96.59	230	1.3	1.3	1.4	78	85	92	24	26	28	13	30	52						38.1	36.7	39.6
Puerto Rico	44.6																													660838	17.91	1.02	1.06	1.42						73.9						3085146	83.64																																		99.3	99.3	99.3																	85.22	83.28	87.34		0.29	0.29	0.29	77	87	99	1.4	1.6	1.8	0.72	1.9	3.6								
Qatar											99				8.2				80.7								86.9	96.1	52.3	412584	19.02			6.65	-7.46				7	85.3				6		3310353	152.64																												0.2	0.2	0	100	100	100	98.1	98.1	98.1		7.5	10.3	7.1			35	0	0	12.6	51	56.6	48.7							35	0.07	0.12	0.2				35	40	45	23	53	95						1.13	0.41	6.2
Republic of Moldova	25.4			878	727.28	1092.56					91				15.4				0.99						2.94					1221474	35.02	1	1.01	1.29		0.05	0.06	0.07	13.3	45				21		3696834	106.01						3.83	337.71							0.6	0.54	0.7				18.8	12.7			5	93.03	93.34	92.71	30.5	34.4	26.5	80.1	87.6	96.9	65.8	75.5	87.6		2.8	2.2	3.7			81	20	19.8	54.6	23	22.1	24.5	2.5	2.8	2.3	90.57	90.54	90.61	101	13	14	14	71	81	91	142	159	180	113	226	375						12.21	11.89	12.7
Reunion																																																																														97.8	99.1	99.2	95.3	98.2	98.4																																								
Romania				540	387	780					92				12										11.6		51.1	58.8	43.9	4720000	21.75				3.67	0.0014	0.0054	0.009	10.5	49.76				33		22910000	105.58														0.1	0.08	0.14								5				30.9	30.8	31.1	95.8	98.1	100	61.7	78	91.7		4	3.6	4.6			357	55	13.34	45.5	25.7	25	26.6	7.3	8.4	6.1				412	5.4	5.4	5.5	71	82	90	79	87	101	60	123	209						23.6	23.5	23.9
Russian Federation	26.6										98				10.1				836.46								64.8	70.4	59.8	40473148	28.33	1	0.98		1.55				8.6	67.97				24		218300372	152.83																					10.8			5	99.93						90	96.5	98.8	58.7	72.3	77.1		3.1	2.8	3.5			389	61	13.55	50.3	25.6	25.6	25.6	5.5	5.9	5.1	97.42	96.75	98.12	450	12	12	13	74	83	91	82	89	100	51	114	201						13.8	13.3	14.5
Rwanda				4535	3632	5581				90	97		74.1	12	52				3.78				910	364	22.97	99.85				45338	0.38	1.02	1.07	0.75		0.07	0.1	0.12	37.1	9				320		6689158	56.8						14.76	1083.14							2.85	2.62	3.07							4	33.6	59.33	54.32	64.31				69.5	74	86.3	57.9	58.2	59							35	45	56.25								93.39	92.14	94.62	80	4.5	6.9	10	59	70	79	62	69	82	65	89	117								
Saint Kitts and Nevis										100	99				10.2				0.32											19200	35.43	1.03	1.18						7.8	64.6						77000	142.09								4.04	29.32																89.68	86.27	93.17				98.3	98.3	98.3										14	1	6.66								82.2	80.61	83.83	15	2.8	2.9	3.1					0		0.55	1.8	3.9								
Saint Lucia											99				14.5				0.57						5.44					33500	18.37		0.99	2					12.7	46.2				34		212000	116.3								1.86	24.32																						95.1	95.8	99	90.1	89	84.1							15	3	16.66											18	1.2	1.2	1.2	77	87	99	5	5.7	6.4	4.1	8.7	15								
Saint Pierre and Miquelon																																																																							5																																																				
Saint Vincent and the Grenadines										99	99				19				0.18						13.54					19069	17.43	0.94	0.95						17.2	52				45		125378	114.63								1.06	7.68														0.1	6.3	107.49	111.21	103.68				95.1	95.1	95.1										19	4	17.39								96.23	97.27	95.18	23	2.7	2.8	2.9	9.6	11	14	20	24	29	19	40	69								
Samoa											99				18.1				0.11						6.1	99.88				8382	4.4								15.5	15.3				58		99887	52.46								17.76	118.12															5							98.3	98.1	97.4	91.2	91.6	93.4							47	2	4.08											49	1.7	3.2	5.2	54	66	82	14	18	21	14	29	49								
San Marino											74				3.1				0											18752	59.62								2.8							36780	116.95																								5																			50	10	16.66											60	0	0	0				1.3	1.5	1.7	0.79	1.9	3.6								
Sao Tome and Principe				235	187	293					91				51				0.1				164	46	15.07	99.91				6976	3.61	0.97	1.1			0.0002	0.0018	0.0077	36.7	23				210		125329	64.93								16.79	51.75					0.64	0.51	0.82	74.07	75.92	72.22				0.1	6.1	104.02	101.41	106.67				93.6	97	98.9	23.3	34.5	40.8							45	10	18.18								96.98	96.58	97.39	55	4.6	9.3	20	74	84	94	81	91	103	59	114	187								
Saudi Arabia											98				15.5				1440.33								51.1	76	15.8	4939715	17.13	1.04	0.95	1.04	-1.35				13.4	60.5	99.22	99.3	99.13	16		53104000	184.2																								5	107.77	104.09	111.97				97	97	97	100	100	100		8	14.3	3.3			121	30	19.86	13.75	40.4	51.7	32.1	5.3	5.6	4.9	96.57	95.43	97.83	151	0.33	3.3	9.7	77	87	99	12	14	16	5.6	16	32					0.99	29.45	21.13	55.3
Senegal				1760	1283	2365		46.5	94.5		84	16.8	45.8	6.2	55.3			3.4	7.7	17.8	0.6	16	683	2028	7.74	99.71				343718	2.43					0.0065	0.01	0.01	43.9	13.1				320		13133772	92.92														0.45	0.39	0.53							2.9	20.4							63.2	75.7	92.3	31.7	45.7	64.2							86	64	42.66											150	12	21	29	61	68	77	121	136	153	106	202	328	7.4	22	29.3					
Serbia	22			118	68	198					92				6.6				8.06						13.67		37.7	45.2	30.8	3031657	39.34	1	1.02	1.32	-1.08	0.0022	0.004	0.01	5.8	51.5				16		9198717	119.39														0.05	0.03	0.09								5	98.9	98.54	99.29	28.6	30.7	25.7	99	99.2	99.4	94.6	96.6	98.1		2.5					167	83	33.2	45.4	16.6			14.2			96.34	96.01	96.69	250	1.4	1.6	1.7	110	120	130	17	18	20	14	28	46						49.41		
Seychelles	61.7										97				14.2				0.55						3.77					21752	23.43	1.01	1.08	2.19					12.2	50.4						136790	147.34								2.08	25.39																99.33	101.29	97.28				95.7	95.7	95.7	98.4	98.4	98.4							18	14	43.75								99.2			32	1.5	1.5	1.6	77	87	99	26	30	34	15	37	70								
Sierra Leone				3148	2382	4068	22000	76	97.1	59.7	83	18.1	49	48.3	160.6	17.8	6.8	1.2	0.84	16.6	0.2	14.6	897	517	2.6	99.99				16000	0.26	1	0.87			0.05	0.11	0.2	107.2	1.7				1100	30	4000000	65.65														1.55	1.21	1.99							1.4	23.5	71.02	72.57	69.48				43.4	58.7	82.5	6.5	12.8	22.6	0.81				80.5	65.4	106	15	12.39											121	14	43	82	50	63	83	240	313	398	216	432	721	8.3	16.7	25	28.8				
Singapore	2.6										95				2.8				116.7											1967000	36.34								2.2	81				6		8438100	155.92																												8.7	10.6	6.2		100	100		100	100		2.9	2.2	3.9			75	24	24.24	46.76	22.1	17.1	27.8							99	1.5	1.7	2	80	85	94	43	47	50	25	59	109						7.01	5.36	8.98
Slovakia											98				7.2												50.9	58.6	43.6	967106	17.74	0.99	1.01	1.54	1.41				6	77.88				7		6208412	113.91	0.09	0.02	20.93	86.04	11.13					1.65		1.52	0.14											5	96	96.13	95.87	12.4	15.9	8	100	100	100	98.2	98.8	99.4		2.7	2.9	2.4			122	28	18.66	48.2	18.9	22.4	14.7	10.4	13.1	7.5				150	0.64	0.64	0.65	89	95	110	6.9	7.7	8.2	5	11	18						33.6	34.9	31.6
Slovenia											94				2.9												51.5	57.1	46	798356	38.53	1	0.99	1.46	0.95				2.3	72.67				7		2283573	110.21	0.13	0.02	10.77	61.63	8.08					0		4.55	0.57											5	98.16	98.06	98.28	13.6	15.2	11.8	99.4	99.5	99.7	99.1	99.1	99.1		2.3	2.3	2.4			61	29	32.22	47.4	15.6	16.5	14.7	7.3	7.4	7.2	97.29	96.84	97.77	90	1	1	1	79	89	93	7.2	7.5	8.5	3.6	9.2	17						21.6	20.1	23.7
Solomon Islands											76				30.1				0.17						1.29	99.99				7618	1.35	0.98							25.1	8				130		323105	57.57								30.01	288.31														0.1	10.6	86.29	86.33	86.25				77.2	80.6	93.2	15	29.2	81.4							49	1	2											50	7.5	14	24	58	70	84	76	92	110	67	142	244								
Somalia				2526	1625	3775	30000				46				145.6				16.46							98.36				64000	0.6					0.02	0.05	0.11	89.8	1.5				850		5183000	49.38														0.52	0.32	0.84															8.8	32.3	69.6	6.3	24	52							237	38	13.81											275	48	74	95	39	43	49	253	285	320	280	548	904								
South Africa				195263	174686	216770	2400000				66				43.9				426.44						4.08		40	46.6	33.9	3875582	7.34	0.94	1.06		-1.02	1.26	1.36	1.45	32.8	46.5				140		76865278	145.64														19.05	18.11	19.9								5							78.5	91.8	99.3	56.5	64.2	68.6		2.5	2.5	2.5			231	169	42.25	45.7	27.6	27.3	28	13.3	13.4	13.1				400	28	48	73	60	69	76	776	860	980	396	715	1126						51.4	48	55.5
South Sudan				12598	4791	29006	100000		61.9		30		45.8	31.9	99.2				14.39											0	0					0.06	0.23	0.63	64.1	14.1				730		2853228	25.25						11.18	1447.46							2.24	0.83	5.32															56.9	58.7	66.7	4.5	6.7	16.4							244	88	26.5											332	26	40	58	33	39	47	121	146	174	122	286	518								
Spain				805	719	889					95				4.2												44.4	49.4	39.6	19384245	41.3	1	1	1.22	1.61	0.0094	0.01	0.01	3.6	71.63				4		50158689	106.88	0.17	0.03	448.61	2374.57	21.36					596.06		20.73	92.83	0.41	0.37	0.45								5	99.17	98.88	99.49	12.8	15.3	9.7	100	100	100	100	99.9	99.8		2.3	2.4	2.2			224	126	36	47	15.7	16.1	15.3	23.1	24.6	21.6	98.48	98.33	98.64	350	0.5	0.51	0.51	77	86	90	12	13	15	6.5	16	28						55.5	56.2	54.6
Sri Lanka				92	43	226					99				9.6				13.37						11.85					2706787	12.72	0.99	1.06	1.59		0.002	0.0042	0.0085	8.2	21.9				29		20315150	95.49														0.02	0.01	0.04				7.6	6.7	2.1	5.1	23.8	97.38	97.67	97.09	43.1	40.7	47.7	90.9	92.2	97.7	93.9	92.7	87.5		9.4	10.1	8.3			212	13	5.77	32.44	57.9	57.6	58.2	7.1	6.7	7.4	94.26	94.31	94.2	225	4.7	5.9	7.3	59	66	74	59	66	75	53	103	170						20.08	15.01	27.84
State of Palestine											99				21.8												33.4	55.1	11.2	403025	9.31	1	1.09	1.5	-15.54				18.6	46.6						3190233	73.74																									93.28	93.36	93.19	25.6	24.1	33.3	82.5	67.2	62	89.6	91.9	92.7		2.3	2.5	2.3						16.3	43	46.7	33.9	12	18.1	5.7	93.41	92.76	94.1		0.2	0.21	0.21				4	4.6	5.2	3.9	7.1	20						41.01	36.95	64.67
Sudan				3101	2538	3787									76.6				51.94						3.49					415571	1.09			1.11		0.0091	0.02	0.04	51.2	22.7				360		27657875	72.85														0.23	0.15	0.33															50.2	55.5	66	13.4	23.6	43.9							267	87	24.57											354	18	25	34	40	46	51	98	108	124	100	192	314								
Sudan (former)											85															99.37																																																																																																	
Suriname				114	96	140					93				22.8				1.24											84941	15.75	0.95	1.29			0.02	0.03	0.05	20.3	37.4				130		868600	161.06								0.58	29.88					0.88	0.77	0.98							0.1	8.4	85.03	79.32	90.87				87.1	94.3	98.1	61.6	79.4	88.5							45	6	11.76								80.36	80.15	80.57	51	2.1	2.2	2.4	54	67	80	33	39	48	26	50	81								
Swaziland				4542	4202	5155	73000				85				80				1.18						1.3					46000	3.68			1.05		1.89	2.18	2.51	55.9	24.7				310		893000	71.46						3.28	115.93							27.36	26.64	28.07							0.3	26.1							66.5	72.2	93.2	55.3	57	63							57	9	13.63											66	59	91	116	34	38	44	1220	1382	1541	545	945	1454								
Sweden	3.5										97				3												65.7	68.2	63.3	3928425	41.04	1.05	1.12	1.55	0.25				2.4	94.78				4		12014368	125.52	1.01	0.31	1803.26	5827.29	21.32					2386.42		12.36	292.55											5	101.52	102.14	100.87	6.8	8.8	4.5	100	100	100	99.6	99.3	99.2		4.1	4.3	4			193	156	44.69	50.1	38	38	38.1	12.8	13.3	12.3	99.6	99.66	99.53	349	0.13	0.14	0.14	81	88	95	6.7	7.2	7.9	3.7	9	17						23.6	24.8	22.3
Switzerland		0.91	5926.95	317	250	402					93				4.2				1.4								65.3	71.8	59.1	4593321	56.86			0.99	0.71	0.0029	0.01	0.02	3.6	86.34				6		11048637	136.77	0.44	0.11	826.94	3200.12	23.38					2809.63		13.57	293.59	0.34	0.22	0.47								5				9.1	8.8	9.6	100	100	100	99.8	99.9	99.9		2.3	2.4	2.1			142	58	29	47.5	26.2	26.5	26	5.8	6	5.5				200	0.21	0.21	0.21	80	88	94	6.1	6.5	7.2	3.2	8	15						8.5	8.8	8.3
Syrian Arab Republic											61				14.6				28.03											4428774	20.22	0.96	0.99	1.01					11.9	26.2				49		12291150	56.12																									63.89	64.1	63.67				86.5	90	92.6	94	95.2	96.1							220	30	12								65.66	66.22	65.09	250	0.9	2.1	3.8	63	74	90	14	17	20	11	24	42								
Tajikistan				896	603	1264					92				47.7				2.28											425000	5.17			0.56		0.02	0.04	0.07	40.9	16				44		7537100	91.82						4.52	383.08							0.3	0.23	0.44							2.9	35							62.7	70.7	92.9	94.2	94	93.5							51	12	19.04											63	5.2	6.9	8.9	59	68	76	89	100	114	70	142	239								
Thailand				18447	16105	21127					99				13.1				863.32						0.53		71	79.8	62.7	6056000	9.03	0.97	1.07	1.34	2.43	0.01	0.02	0.04	11.3	28.94				26		93849000	140.05														1.09	0.95	1.21							5.5	8.3				55.9	54.4	57.8	96.2	96.8	97.4	96.1	93.1	89.9		8.2	6	12.3			421	79	15.8	45.2	52.3	47.5	58.1	1.6	1.5	1.6				500	7.3	12	18	71	80	89	106	119	134	72	149	252						3.43	2.8	4.44
Macedonia				5	3	10					96				6.6				0.72						10.82		39.7	47.8	31.6	396523	18.81				-1.61	0.0009	0.0016	0.0034	5.8	65.24				7		2237250	106.17						2.5	249.78							0.01	0.0094	0.02								5				23.4	24.5	21.8	98.8	99.4	99.8	83.1	91	97		2	2	1.9			83	40	32.52	41.6	18.7	19.2	17.9	17.5	20.9	13.8				123	1.5	1.5	1.6	77	87	99	15	17	20	11	25	43						51.9	52.5	51
Timor-Leste											70				54.6				0.29							100				3000	0.26								46.2	1.1				270		650000	57.37								5.58	257.88														0.3	29							59.6	70.1	93	27.3	40	67.6							40	25	38.46											65	48	87	141	56	67	81	409	498	596	382	802	1375								
Togo				6641	2353	14591	95000				72				84.7				18.98				321	574	3.37	99.98				62537	0.91	0.89		0.39		0.01	0.07	0.2	55.8	4.5				450		4262993	62.53														2.33	1.36	4.12							1	14.5	81.27	88.33	74.19				42.7	60.9	89.4	3.6	11.7	24.5							72	9	11.11								97.46			81	7.5	12	16	47	52	59	64	73	82	56	104	166								
Tokelau																														0	0																																															99.7	99.7		85.6	85.6																						0	0	0					0			0									
Tonga											99				12.1				0.04											31000	29.43	0.99	1.03						10.4	35				120		57500	54.59								16.88	80.84																108.96	113.11	104.38				99.4	99.3	99	89.5	91.4	97.5							27	1	3.57								84.56	83.49	85.73	28	1.4	2.4	3.7	61	72	85	11	13	16	10	22	37								
Trinidad and Tobago				672	628	717		100		100	91				21.3				39.5								59.1	69.4	48.9	291291	21.71					0.07	0.09	0.11	19	63.8				84		1943873	144.94														1.65	1.57	1.74							0.1	8.7							95.1	95.1	95.1	91.5	91.5	91.5		3.4	3.8	3.1			30	12	28.57	46.36	34	37.3	31.4							42	1.8	2.2	2.7	80	90	95	20	21	23	8.6	21	38						9.24	7.7	11.44
Tunisia				130	65	227					94				15.2				38.71						8.27					1021979	9.29	0.97		1.62		0.0043	0.0088	0.01	13.1	43.8				46		12712365	115.6														0.05	0.03	0.08								5	97.84	97.31	98.39				89.6	96.4	99.8	75.2	89.7	97							159	58	26.72								99.77			217	0.78	2.1	3.8	81	87	96	29	32	34	14	38	73								
Turkey		2.02	16507.82						96.9	97.4	98	1.9			19.2			21.5	147.02	73.5	15.8	47.3			4.88		45.9	65.2	27.1	13551705	18.08	0.99	0.96	0.85	1.33				16.5	46.25				20		69661108	92.96																								5				31.3	26.6	42.2	97	99.2	100	81.9	93.5	97.9		2.3	2.3	2.3			472	78	14.18	26	31.2	29.5	34	7.4	8.8	6	95.16	95.74	94.56	550	0.24	0.42	0.65	78	88	92	19	20	22	11	23	39	3.3	2.6	5.9			18.7	16.9	21.9
Turkmenistan											99				55.2				4.16											602000	11.48								46.6	9.6				61		6125300	116.89						0.09	37.32																	5																			104	21	16.8											125	22	25	28	67	80	99	59	72	87	47	103	180								
Turks and Caicos Islands																														4000	12.08																																																																									3.4	3.5	3.7	77	87	99	6.1	6.9	7.9	6.1	20	43								
Tuvalu											96				29.2				0							100				1450	14.68	0.99	1.25						24.4	37						3400	34.42								42.52	26.68																86.44	82.14	91.17				97	97.7	98.3	80.2	83.3	86.3							14	1	6.66								85.52	84.57	86.59	15	12	29	53	66	80	98	185	228	275	151	327	569								
Uganda	140			63040	56054	71364	1000000				82				66.1				0				1437	2772	2.31	99.97				272844	0.72	1.01	0.87			0.69	0.79	0.91	43.8	16.2				360		18068648	48.08						8.13	1692.35							7.44	7.01	7.96							9.4	25	54.24	54.59	53.88				70.8	74.3	93.3	16.5	18.4	28.5		1.7	2	1.6			251	135	34.97	34.65	50	54.1	47.8				91.62	90.3	92.95	386	5.8	11	18	63	73	81	149	166	193	85	154	243						2.6	2	3.2
Ukraine	27.2			13392	10341	17582					79				10				59.4						14.96					11830969	26.15	1.01	0.97	1.19		0.02	0.03	0.05	8.6	41				23		62458800	138.06														0.83	0.7	1.01					8.4			5	109.64	108.6	110.74	18.1	17.3	19	96.5	96.6	96.7	92	95.7	97.3		2.9	2.7	3.1			403	42	9.43	49.4	24.5	25.2	23.3				97.77	96.89	98.7	445	14	14	15	73	84	93	87	96	110	59	120	202						17.39	18.17	16.32
United Arab Emirates											94				8.2				539.4											2086015	22.31								7	88				8		16063547	171.87																								5							100	99.6	99.6	95.2	97.5	98							33	7	17.5											40	0.54	0.69	0.85	38	50	69	1.3	1.8	2.3	1.3	2.7	4.7								
United Kingdom				580	463	750					95				4.6												58.4	63.8	53.2	33383853	52.87	0.99	1.04	1.34	0.61	0	0.02	0	3.9	89.84				8		78673978	124.6	0.7	0.24	6196.45	17870.71	20.45					5397.91		29.78	1409	0.33	0.25	0.42								5				12.1	15.3	8.4	100	100	100	99.6	99.2	99.1		3.8	3.9	3.6			504	146	22.46	49.2	37.8	38.3	37.2	12.9	14.8	10.9	99.9			650	0.53	0.54	0.54	84	89	95	12	13	14	6.9	17	32						20.9	23.3	18.3
Tanzania				78293	68764	90259	1300000				99				51.8				1.64				2835	3048	2.97	99.99	75.7	80.7	71.2	164999	0.33	1.03	0.92	0.53		0.22	0.27	0.33	36.4	4.4				410		27442823	55.71														4.95	4.56	5.34							16.1	32.7	75.9	72.03	79.82	74	68.5	79.7	45.5	55.8	79.5	8	13.8	27.3		3.4	4.7	2.9			224	126	36	32.49	59.2	69.2	53.6				84.51	83.07	85.97	350	7	12	17	77	79	83	157	164	170	92	172	277						5.75	4.51	7.2
United States	26.6	0.5	83084.31								91				6.9				711.26								58.6	64.4	53.2	133233000	41.62	0.99	0.99	1.36	1.18				5.9	84.2				28		310698000	97.07	0.18	0.05	10214.49	31496.57	20.1					16569.55		42.01	7975.94											5							97.8	99.1	99.4	99.9	100	100		2.5	2.8	2.4			356	77	17.78	47.7	29	29.9	27.9	8.6	9.6	7.4	92.42	92.43	92.41	433	0.15	0.15	0.16	77	86	92	3.1	3.3	3.7	1.8	4.1	7.4						15.5	17.1	13.9
United States Virgin Islands																														76000	71.27									45.3																																						100	100	100	96.4	96.4	96.4																					0.96	0.97	0.99				6.8	7.7	8.7	4.1	9.9	18								
Uruguay				454	226	836					96				11.1		79.5		15.47								59.5	70.2	50	1048445	30.77					0.01	0.04	0.12	9.5	57.69				14		5267947	154.61														0.7	0.48	1.1				3	11.5	12		5							89.4	99.2	99.7	90.4	95.7	96		4.8	5.8	4.4			87	12	12.12	48.5	48.5	55	43.7							99	1.1	1.2	1.2	81	87	96	27	30	32	15	35	62				34.5		19.22	15.84	24.03
Uzbekistan				2662	1962	4043					97				42.5				4.58											2000000	6.91					0.0035	0.0067	0.01	36.7	38.2				36		21500000	74.3						0.49	292.43							0.18	0.13	0.26							1.6	5.5							80.9	87.3	98.5	100	100	100							117	33	22											150	6.6	7.6	8.7	74	89	110	68	80	97	61	120	199								
Vanuatu								51.8	75.6	89.4	52		51	5.1	16.9	45.3	36.5	4.3	0.06	49	2.1	36.4			1.24	99.79				5497	2.17	0.95							14.6	11.3				86		127244	50.34								11.4	90.58														0.1	6.4	93.31	90.46	96.41				86.9	89.7	98.1	55.4	57.9	65.1							52	0	0											52	2.3	6.3	13	65	78	95	51	62	74	37	84	151	12.7	11.5	24.2					
Venezuela				4403	1322	8246					85				14.9				139.89											7773777	25.56	0.98	1.09			0.01	0.03	0.06	12.9	54.9				110		30896079	101.61														0.55	0.29	0.86								5	95.91	94.61	97.26	30.3	30.2	30.3	77	92.8	94.8	67.7	93.5	96.7							137	28	16.96	43.7	34			6.6			93.54	94.51	92.53	165	1.6	1.6	1.6	58	65	73	29	33	37	26	49	79								
Viet Nam	36			12068	9809	15753					98				23.8			14.7	252.85	77.3	11.3	67.1			1.86		76	80.4	71.8	6725329	7.33	0.97		0.9	4.36	0.01	0.02	0.03	19	43.9				49		123735557	134.96														0.4	0.37	0.43							11.4	12.5	97.45	97.21	97.7	62.6	56.6	69	90.3	92.7	97.6	63.2	71.7	89.6		5	4.1	5.7			378	122	24.4	41.07	46	44.2	48	3.5	3.2	3.7	98.1			500	13	19	26	63	76	91	121	144	174	86	209	384						6	5.3	6.8
Wallis and Futuna Islands																																																																																																								1.5	2.3	3.1	150	170	200	7.6	8.7	9.8	7.2	17	30								
Yemen				446	206	1319			59.8	44.7	78				51.3			1.5	127.16	33.5	0.5	25.2			2.8	99.98				1143000	4.68	0.84	0.68			0.0012	0.0043	0.01	40.4	20				270		16844700	69.01														0.04	0.02	0.1							6.3	25.7	70.11	78.08	61.81				46.5	55	72	34.1	53.7	92.5							300	1	0.33								88.42	95.47	81.08	301	1.9	4.1	6.9	79	88	100	42	48	54	24	60	112	13.8	15	28.7					
Zambia				27028	23308	31743	600000				80				87.4				4.99				3496	2277	1.83	99.99				115762	0.79	0.99				0.59	0.7	0.83	55.8	15.4				280		10395801	71.5						5.28	1142.41							12.5	11.88	13.3							7.1	48.8	83.7	85.47	81.95				46.9	62.6	86.1	34.6	43.2	56.2							139	18	11.46								93.1	92.75	93.45	157	16	25	33	64	68	72	387	410	440	193	338	524								
Zimbabwe	120			63859	59228	68224	890000				93				88.5				15.76											304162	2.14			0.85		0.86	0.97	1.11	55	18.5				470		13633167	96.34						6.88	811.05							14.99	14.24	15.7							4.8	33.5							67.9	77.6	97.4	31.5	37.5	49.7							182	32	14.95											214	25	40	52	36	42	49	474	552	643	235	409	630								
